{
  "case_dir": "openfoam_cases/bentheimer_core2_subvol1_6um_fullres_voxel_flow_strict",
  "time": "550",
  "n_cells": 2650688,
  "speed_mean": 0.01748259973360368,
  "speed_median": 0.00950541264613275,
  "speed_p95": 0.06079797391939835,
  "speed_max": 0.9373307957567822,
  "axial_velocity_mean": 0.011287674938256534,
  "axial_velocity_median": 0.0044196934,
  "inlet_flux": -4.714165614842146e-09,
  "outlet_flux": 4.7141656161418026e-09,
  "wall_flux": 0.0,
  "net_boundary_flux": 1.2996562522759664e-18,
  "bulk_cross_section_area": 1.8225000000000001e-06,
  "pore_inlet_area": 4.6990800000000005e-07,
  "pore_outlet_area": 3.9668400000000003e-07,
  "darcy_velocity_bulk_area": 0.002586647800352155,
  "outlet_interstitial_velocity": 0.011883931835268884,
  "apparent_permeability": 3.4919745304754093e-12
}