{
  "case_dir": "openfoam_cases/bentheimer_core2_subvol1_6um_fullres_voxel_flow_strict",
  "time": "200",
  "n_cells": 2650688,
  "speed_mean": 0.017480524939240648,
  "speed_median": 0.009504965545728898,
  "speed_p95": 0.060791408714771934,
  "speed_max": 0.9332059700242524,
  "axial_velocity_mean": 0.01128664860118788,
  "axial_velocity_median": 0.0044199137999999995,
  "inlet_flux": -4.71373336715566e-09,
  "outlet_flux": 4.7137333670581106e-09,
  "wall_flux": 0.0,
  "net_boundary_flux": -9.754940963837855e-20,
  "bulk_cross_section_area": 1.8225000000000001e-06,
  "pore_inlet_area": 4.6990800000000005e-07,
  "pore_outlet_area": 3.9668400000000003e-07,
  "darcy_velocity_bulk_area": 0.0025864106266436817,
  "outlet_interstitial_velocity": 0.01188284217931177,
  "apparent_permeability": 3.4916543459689704e-12
}