{
  "archive": {
    "size": 5040,
    "segment_steps": 24,
    "match_steps": 4,
    "dt": 1.0
  },
  "reference": {
    "n_trajectories": 90,
    "breakthrough": {
      "6.0": {
        "count": 59.0,
        "q10": 95.8,
        "q50": 203.0,
        "q90": 449.6
      },
      "10.0": {
        "count": 40.0,
        "q10": 147.9,
        "q50": 252.0,
        "q90": 401.2
      },
      "14.0": {
        "count": 26.0,
        "q10": 230.5,
        "q50": 320.5,
        "q90": 455.0
      }
    },
    "velocity_autocorrelation_lags_0_10": [
      1.0,
      0.36751372211538164,
      0.35592940026198333,
      0.34994430913863006,
      0.35110883176567,
      0.33902667190785274,
      0.33065195636719297,
      0.3302282537430454,
      0.3249687675696255,
      0.31998961617909677,
      0.3115225254328419
    ]
  },
  "generated": {
    "unconditional": {
      "breakthrough": {
        "6.0": {
          "count": 85.0,
          "q10": 263.8,
          "q50": 393.0,
          "q90": 521.4000000000001
        },
        "10.0": {
          "count": 30.0,
          "q10": 435.0,
          "q50": 529.0,
          "q90": 566.5
        },
        "14.0": {
          "count": 4.0,
          "q10": 516.3,
          "q50": 520.0,
          "q90": 565.7
        }
      },
      "breakthrough_quantile_mae": 195.02222222222224,
      "velocity_autocorrelation_lags_0_10": [
        1.0,
        0.32835777053968884,
        0.3178382736702417,
        0.2879341265769312,
        0.26120787548474433,
        0.24422902826507495,
        0.2307443798536372,
        0.20782057077298996,
        0.1895390666985683,
        0.16798856453515124,
        0.15236240531798328
      ]
    },
    "knn_conditional": {
      "breakthrough": {
        "6.0": {
          "count": 49.0,
          "q10": 137.8,
          "q50": 424.0,
          "q90": 549.8000000000001
        },
        "10.0": {
          "count": 18.0,
          "q10": 188.8,
          "q50": 422.5,
          "q90": 577.1
        },
        "14.0": {
          "count": 5.0,
          "q10": 247.8,
          "q50": 430.0,
          "q90": 465.8
        }
      },
      "breakthrough_quantile_mae": 98.67777777777779,
      "velocity_autocorrelation_lags_0_10": [
        1.0,
        0.2581090629442259,
        0.243797416382935,
        0.24403137387522508,
        0.2398199300567235,
        0.23477645917541778,
        0.21909808813918696,
        0.2193556807198853,
        0.21125988189292327,
        0.20240180401235788,
        0.19267799964036444
      ]
    },
    "gaussian_bayes": {
      "breakthrough": {
        "6.0": {
          "count": 49.0,
          "q10": 219.0,
          "q50": 435.0,
          "q90": 552.6
        },
        "10.0": {
          "count": 14.0,
          "q10": 321.0,
          "q50": 477.0,
          "q90": 583.4
        },
        "14.0": {
          "count": 3.0,
          "q10": 564.8,
          "q50": 588.0,
          "q90": 592.0
        }
      },
      "breakthrough_quantile_mae": 197.47777777777776,
      "velocity_autocorrelation_lags_0_10": [
        1.0,
        0.24258011870973528,
        0.23899468795546092,
        0.231801583322807,
        0.22519731707694063,
        0.21724739117369932,
        0.21491572111036092,
        0.2117260582678931,
        0.20009618665165044,
        0.18560199649395454,
        0.18528051470307344
      ]
    }
  }
}