{
  "case_dir": "openfoam_cases/bentheimer_core2_subvol1_6um_fullres_voxel_flow_strict",
  "time": "450",
  "n_cells": 2650688,
  "speed_mean": 0.017482589498477655,
  "speed_median": 0.009505414824063191,
  "speed_p95": 0.06079795704382377,
  "speed_max": 0.9373119670267208,
  "axial_velocity_mean": 0.011287670244703951,
  "axial_velocity_median": 0.00441969445,
  "inlet_flux": -4.714163634415436e-09,
  "outlet_flux": 4.714163639563704e-09,
  "wall_flux": 0.0,
  "net_boundary_flux": 5.1482679077728626e-18,
  "bulk_cross_section_area": 1.8225000000000001e-06,
  "pore_inlet_area": 4.6990800000000005e-07,
  "pore_outlet_area": 3.9668400000000003e-07,
  "darcy_velocity_bulk_area": 0.0025866467158099883,
  "outlet_interstitial_velocity": 0.011883926852516621,
  "apparent_permeability": 3.491973066343484e-12
}