{
  "archive": {
    "size": 6300,
    "segment_steps": 36,
    "match_steps": 20,
    "dt": 1.0
  },
  "reference": {
    "n_trajectories": 90,
    "breakthrough": {
      "6.0": {
        "count": 49.0,
        "coverage": 0.5444444444444444,
        "q10": 121.60000000000001,
        "q50": 221.0,
        "q90": 409.0
      },
      "10.0": {
        "count": 37.0,
        "coverage": 0.4111111111111111,
        "q10": 185.0,
        "q50": 325.0,
        "q90": 438.2
      },
      "14.0": {
        "count": 23.0,
        "coverage": 0.25555555555555554,
        "q10": 222.8,
        "q50": 402.0,
        "q90": 463.4
      }
    },
    "velocity_autocorrelation_lags_0_10": [
      1.0,
      0.3380405821291968,
      0.32680194034070714,
      0.32248018982201404,
      0.32628267942061784,
      0.3102144372457837,
      0.30030963872730926,
      0.2984467938660247,
      0.29364057517560316,
      0.2899650722947255,
      0.27949362946292194
    ]
  },
  "generated": {
    "unconditional": {
      "breakthrough": {
        "6.0": {
          "count": 87.0,
          "coverage": 0.9666666666666667,
          "q10": 209.6,
          "q50": 334.0,
          "q90": 465.0
        },
        "10.0": {
          "count": 41.0,
          "coverage": 0.45555555555555555,
          "q10": 346.0,
          "q50": 443.0,
          "q90": 511.0
        },
        "14.0": {
          "count": 3.0,
          "coverage": 0.03333333333333333,
          "q10": 465.0,
          "q50": 489.0,
          "q90": 492.2
        }
      },
      "quantile_mae": 107.42222222222222,
      "coverage_deficit": 0.07407407407407407,
      "score": 125.94074074074074,
      "velocity_autocorrelation_lags_0_10": [
        1.0,
        0.36099930313890427,
        0.33269808799670086,
        0.29511272402706534,
        0.26439250101429834,
        0.24258628664664073,
        0.2092582144263727,
        0.1957853014848428,
        0.17132709797793924,
        0.14992749093058677,
        0.13114895243374838
      ]
    },
    "knn_conditional": {
      "breakthrough": {
        "6.0": {
          "count": 45.0,
          "coverage": 0.5,
          "q10": 117.80000000000001,
          "q50": 208.0,
          "q90": 437.6
        },
        "10.0": {
          "count": 25.0,
          "coverage": 0.2777777777777778,
          "q10": 185.6,
          "q50": 339.0,
          "q90": 473.40000000000003
        },
        "14.0": {
          "count": 12.0,
          "coverage": 0.13333333333333333,
          "q10": 289.7,
          "q50": 405.5,
          "q90": 496.6
        }
      },
      "quantile_mae": 22.088888888888896,
      "coverage_deficit": 0.09999999999999998,
      "score": 47.08888888888889,
      "velocity_autocorrelation_lags_0_10": [
        1.0,
        0.2970845532862947,
        0.2879243807283178,
        0.27792887666076294,
        0.27229358630748346,
        0.268321537216147,
        0.2627599143844166,
        0.25892964850910294,
        0.25928918559262654,
        0.24648140850662803,
        0.25105830260160983
      ]
    },
    "gaussian_bayes": {
      "breakthrough": {
        "6.0": {
          "count": 53.0,
          "coverage": 0.5888888888888889,
          "q10": 108.2,
          "q50": 291.0,
          "q90": 460.8
        },
        "10.0": {
          "count": 37.0,
          "coverage": 0.4111111111111111,
          "q10": 193.6,
          "q50": 331.0,
          "q90": 462.79999999999995
        },
        "14.0": {
          "count": 25.0,
          "coverage": 0.2777777777777778,
          "q10": 295.2,
          "q50": 414.0,
          "q90": 508.8
        }
      },
      "quantile_mae": 33.8,
      "coverage_deficit": 0.0,
      "score": 33.8,
      "velocity_autocorrelation_lags_0_10": [
        1.0,
        0.35221728325506496,
        0.3435108371728426,
        0.33466685795628487,
        0.3256607189093912,
        0.31935066840062154,
        0.31123179217471275,
        0.30049232930388475,
        0.3009064959950603,
        0.2928001797538525,
        0.2894465611350072
      ]
    }
  }
}