{
  "archive": {
    "size": 6930,
    "segment_steps": 20,
    "match_steps": 5,
    "dt": 1.0
  },
  "reference": {
    "n_trajectories": 90,
    "breakthrough": {
      "6.0": {
        "count": 59.0,
        "coverage": 0.6555555555555556,
        "q10": 95.8,
        "q50": 203.0,
        "q90": 449.6
      },
      "10.0": {
        "count": 40.0,
        "coverage": 0.4444444444444444,
        "q10": 147.9,
        "q50": 252.0,
        "q90": 401.2
      },
      "14.0": {
        "count": 26.0,
        "coverage": 0.28888888888888886,
        "q10": 230.5,
        "q50": 320.5,
        "q90": 455.0
      }
    },
    "velocity_autocorrelation_lags_0_10": [
      1.0,
      0.36751372211538164,
      0.35592940026198333,
      0.34994430913863006,
      0.35110883176567,
      0.33902667190785274,
      0.33065195636719297,
      0.3302282537430454,
      0.3249687675696255,
      0.31998961617909677,
      0.3115225254328419
    ]
  },
  "generated": {
    "unconditional": {
      "breakthrough": {
        "6.0": {
          "count": 67.0,
          "coverage": 0.7444444444444445,
          "q10": 250.0,
          "q50": 376.0,
          "q90": 473.2
        },
        "10.0": {
          "count": 8.0,
          "coverage": 0.08888888888888889,
          "q10": 387.4,
          "q50": 404.0,
          "q90": 449.4
        },
        "14.0": {
          "count": 0.0,
          "coverage": 0.0,
          "q10": NaN,
          "q50": NaN,
          "q90": NaN
        }
      },
      "quantile_mae": 131.75,
      "coverage_deficit": 0.2148148148148148,
      "score": 185.4537037037037,
      "velocity_autocorrelation_lags_0_10": [
        1.0,
        0.31143783767007327,
        0.28975833432832826,
        0.2545192229009884,
        0.22951129197697617,
        0.20744713050970873,
        0.18224013172489406,
        0.1486463860518061,
        0.13025735967453178,
        0.11448185206353323,
        0.0914588880197316
      ]
    },
    "knn_conditional": {
      "breakthrough": {
        "6.0": {
          "count": 41.0,
          "coverage": 0.45555555555555555,
          "q10": 134.0,
          "q50": 357.0,
          "q90": 448.0
        },
        "10.0": {
          "count": 13.0,
          "coverage": 0.14444444444444443,
          "q10": 206.2,
          "q50": 298.0,
          "q90": 464.2
        },
        "14.0": {
          "count": 6.0,
          "coverage": 0.06666666666666667,
          "q10": 310.0,
          "q50": 381.5,
          "q90": 432.5
        }
      },
      "quantile_mae": 58.233333333333334,
      "coverage_deficit": 0.24074074074074073,
      "score": 118.41851851851851,
      "velocity_autocorrelation_lags_0_10": [
        1.0,
        0.25484861537715603,
        0.24935491026864132,
        0.2448200028836511,
        0.23818245898758142,
        0.2396303078321197,
        0.21574015642548253,
        0.22130782180102665,
        0.21335939491854694,
        0.20381240526575953,
        0.201522576453462
      ]
    },
    "gaussian_bayes": {
      "breakthrough": {
        "6.0": {
          "count": 38.0,
          "coverage": 0.4222222222222222,
          "q10": 145.1,
          "q50": 280.5,
          "q90": 421.4000000000001
        },
        "10.0": {
          "count": 13.0,
          "coverage": 0.14444444444444443,
          "q10": 313.8,
          "q50": 400.0,
          "q90": 460.8
        },
        "14.0": {
          "count": 4.0,
          "coverage": 0.044444444444444446,
          "q10": 414.2,
          "q50": 462.0,
          "q90": 474.1
        }
      },
      "quantile_mae": 96.97777777777776,
      "coverage_deficit": 0.25925925925925924,
      "score": 161.79259259259257,
      "velocity_autocorrelation_lags_0_10": [
        1.0,
        0.309212567732268,
        0.29871629298937225,
        0.29820592492860704,
        0.2849681015996752,
        0.27431346909774096,
        0.267370832847156,
        0.2563591672644044,
        0.25262017411893134,
        0.24681473720097868,
        0.24188846659837304
      ]
    }
  }
}