{
  "case_dir": "openfoam_cases/bentheimer_core2_subvol1_6um_fullres_voxel_flow_strict",
  "time": "250",
  "n_cells": 2650688,
  "speed_mean": 0.01748186780296866,
  "speed_median": 0.009505284440566412,
  "speed_p95": 0.060796174115914335,
  "speed_max": 0.9358939521502752,
  "axial_velocity_mean": 0.011287317252364024,
  "axial_velocity_median": 0.004419659100000001,
  "inlet_flux": -4.7140149756778574e-09,
  "outlet_flux": 4.7140149741384594e-09,
  "wall_flux": 0.0,
  "net_boundary_flux": -1.5393980092122105e-18,
  "bulk_cross_section_area": 1.8225000000000001e-06,
  "pore_inlet_area": 4.6990800000000005e-07,
  "pore_outlet_area": 3.9668400000000003e-07,
  "darcy_velocity_bulk_area": 0.002586565143560197,
  "outlet_interstitial_velocity": 0.011883552082106813,
  "apparent_permeability": 3.491862943806266e-12
}