{
  "case_dir": "openfoam_cases/bentheimer_core2_subvol1_6um_fullres_voxel_flow_strict",
  "time": "350",
  "n_cells": 2650688,
  "speed_mean": 0.017482508951351318,
  "speed_median": 0.009505360735683782,
  "speed_p95": 0.060797419111926966,
  "speed_max": 0.9371577874526247,
  "axial_velocity_mean": 0.011287631842697265,
  "axial_velocity_median": 0.00441968365,
  "inlet_flux": -4.714147463880238e-09,
  "outlet_flux": 4.714147465515068e-09,
  "wall_flux": 0.0,
  "net_boundary_flux": 1.6348298364824533e-18,
  "bulk_cross_section_area": 1.8225000000000001e-06,
  "pore_inlet_area": 4.6990800000000005e-07,
  "pore_outlet_area": 3.9668400000000003e-07,
  "darcy_velocity_bulk_area": 0.0025866378411605307,
  "outlet_interstitial_velocity": 0.011883886079385775,
  "apparent_permeability": 3.4919610855667164e-12
}