{
  "case_dir": "openfoam_cases/bentheimer_core2_subvol1_6um_fullres_voxel_flow_strict",
  "time": "100",
  "n_cells": 2650688,
  "speed_mean": 0.017466009147513933,
  "speed_median": 0.009501470433922556,
  "speed_p95": 0.06073899120567222,
  "speed_max": 0.9027050526867588,
  "axial_velocity_mean": 0.011279259403315681,
  "axial_velocity_median": 0.0044207761,
  "inlet_flux": -4.710622238409396e-09,
  "outlet_flux": 4.710622240579458e-09,
  "wall_flux": 0.0,
  "net_boundary_flux": 2.170062014918565e-18,
  "bulk_cross_section_area": 1.8225000000000001e-06,
  "pore_inlet_area": 4.6990800000000005e-07,
  "pore_outlet_area": 3.9668400000000003e-07,
  "darcy_velocity_bulk_area": 0.0025847035613604705,
  "outlet_interstitial_velocity": 0.01187499934602721,
  "apparent_permeability": 3.489349807836635e-12
}