{
  "archive": {
    "size": 6930,
    "segment_steps": 20,
    "match_steps": 5,
    "dt": 1.0
  },
  "reference": {
    "n_trajectories": 90,
    "breakthrough": {
      "6.0": {
        "count": 49.0,
        "coverage": 0.5444444444444444,
        "q10": 121.60000000000001,
        "q50": 221.0,
        "q90": 409.0
      },
      "10.0": {
        "count": 37.0,
        "coverage": 0.4111111111111111,
        "q10": 185.0,
        "q50": 325.0,
        "q90": 438.2
      },
      "14.0": {
        "count": 23.0,
        "coverage": 0.25555555555555554,
        "q10": 222.8,
        "q50": 402.0,
        "q90": 463.4
      }
    },
    "velocity_autocorrelation_lags_0_10": [
      1.0,
      0.3380405821291968,
      0.32680194034070714,
      0.32248018982201404,
      0.32628267942061784,
      0.3102144372457837,
      0.30030963872730926,
      0.2984467938660247,
      0.29364057517560316,
      0.2899650722947255,
      0.27949362946292194
    ]
  },
  "generated": {
    "unconditional": {
      "breakthrough": {
        "6.0": {
          "count": 82.0,
          "coverage": 0.9111111111111111,
          "q10": 214.4,
          "q50": 321.0,
          "q90": 437.5
        },
        "10.0": {
          "count": 29.0,
          "coverage": 0.32222222222222224,
          "q10": 336.8,
          "q50": 431.0,
          "q90": 468.4
        },
        "14.0": {
          "count": 3.0,
          "coverage": 0.03333333333333333,
          "q10": 440.6,
          "q50": 459.0,
          "q90": 471.8
        }
      },
      "quantile_mae": 88.05555555555556,
      "coverage_deficit": 0.10370370370370369,
      "score": 113.98148148148148,
      "velocity_autocorrelation_lags_0_10": [
        1.0,
        0.3657446892674635,
        0.33939667935431544,
        0.2987111453832496,
        0.2664744791253112,
        0.2396949850197124,
        0.215682277762112,
        0.17936555622551814,
        0.1510749895949657,
        0.13081573668965263,
        0.10354321691055862
      ]
    },
    "knn_conditional": {
      "breakthrough": {
        "6.0": {
          "count": 65.0,
          "coverage": 0.7222222222222222,
          "q10": 155.6,
          "q50": 334.0,
          "q90": 453.8
        },
        "10.0": {
          "count": 26.0,
          "coverage": 0.28888888888888886,
          "q10": 230.0,
          "q50": 380.5,
          "q90": 471.0
        },
        "14.0": {
          "count": 8.0,
          "coverage": 0.08888888888888889,
          "q10": 308.4,
          "q50": 440.0,
          "q90": 464.6
        }
      },
      "quantile_mae": 49.988888888888894,
      "coverage_deficit": 0.09629629629629628,
      "score": 74.06296296296296,
      "velocity_autocorrelation_lags_0_10": [
        1.0,
        0.33414345038918936,
        0.329977566922938,
        0.3183176774286822,
        0.30755921002911407,
        0.2989473290579888,
        0.28920577741792797,
        0.28395477189643925,
        0.27940813011587956,
        0.2657394022231965,
        0.2579719869219264
      ]
    },
    "gaussian_bayes": {
      "breakthrough": {
        "6.0": {
          "count": 53.0,
          "coverage": 0.5888888888888889,
          "q10": 155.4,
          "q50": 354.0,
          "q90": 427.0
        },
        "10.0": {
          "count": 16.0,
          "coverage": 0.17777777777777778,
          "q10": 198.0,
          "q50": 410.0,
          "q90": 463.0
        },
        "14.0": {
          "count": 4.0,
          "coverage": 0.044444444444444446,
          "q10": 262.9,
          "q50": 393.0,
          "q90": 457.3
        }
      },
      "quantile_mae": 40.3111111111111,
      "coverage_deficit": 0.14814814814814814,
      "score": 77.34814814814814,
      "velocity_autocorrelation_lags_0_10": [
        1.0,
        0.3038012148272752,
        0.2907842165724292,
        0.2788579085939177,
        0.273278653881698,
        0.26242277676304837,
        0.25647470687835183,
        0.24803876161265825,
        0.244793382931281,
        0.22431632760024742,
        0.2268040391288544
      ]
    }
  }
}