{
  "archive": {
    "size": 6510,
    "segment_steps": 20,
    "match_steps": 4,
    "dt": 1.0
  },
  "reference": {
    "n_trajectories": 90,
    "breakthrough": {
      "6.0": {
        "count": 59.0,
        "coverage": 0.6555555555555556,
        "q10": 95.8,
        "q50": 203.0,
        "q90": 449.6
      },
      "10.0": {
        "count": 40.0,
        "coverage": 0.4444444444444444,
        "q10": 147.9,
        "q50": 252.0,
        "q90": 401.2
      },
      "14.0": {
        "count": 26.0,
        "coverage": 0.28888888888888886,
        "q10": 230.5,
        "q50": 320.5,
        "q90": 455.0
      }
    },
    "velocity_autocorrelation_lags_0_10": [
      1.0,
      0.36751372211538164,
      0.35592940026198333,
      0.34994430913863006,
      0.35110883176567,
      0.33902667190785274,
      0.33065195636719297,
      0.3302282537430454,
      0.3249687675696255,
      0.31998961617909677,
      0.3115225254328419
    ]
  },
  "generated": {
    "unconditional": {
      "breakthrough": {
        "6.0": {
          "count": 76.0,
          "coverage": 0.8444444444444444,
          "q10": 256.0,
          "q50": 410.0,
          "q90": 498.5
        },
        "10.0": {
          "count": 12.0,
          "coverage": 0.13333333333333333,
          "q10": 401.2,
          "q50": 462.5,
          "q90": 494.5
        },
        "14.0": {
          "count": 0.0,
          "coverage": 0.0,
          "q10": NaN,
          "q50": NaN,
          "q90": NaN
        }
      },
      "quantile_mae": 162.20000000000002,
      "coverage_deficit": 0.19999999999999998,
      "score": 212.20000000000002,
      "velocity_autocorrelation_lags_0_10": [
        1.0,
        0.30695843648172955,
        0.28386658752671823,
        0.2556005824353237,
        0.22460866368932955,
        0.2145262365224084,
        0.18060554520084895,
        0.1623242063635438,
        0.14050240299937214,
        0.1223086284520716,
        0.10361014549972902
      ]
    },
    "knn_conditional": {
      "breakthrough": {
        "6.0": {
          "count": 47.0,
          "coverage": 0.5222222222222223,
          "q10": 146.6,
          "q50": 370.0,
          "q90": 499.0
        },
        "10.0": {
          "count": 6.0,
          "coverage": 0.06666666666666667,
          "q10": 361.0,
          "q50": 436.5,
          "q90": 470.0
        },
        "14.0": {
          "count": 0.0,
          "coverage": 0.0,
          "q10": NaN,
          "q50": NaN,
          "q90": NaN
        }
      },
      "quantile_mae": 122.26666666666665,
      "coverage_deficit": 0.26666666666666666,
      "score": 188.93333333333334,
      "velocity_autocorrelation_lags_0_10": [
        1.0,
        0.23613781609530782,
        0.23339744160421855,
        0.22121742858500806,
        0.22352616563956537,
        0.20977242275854163,
        0.2014206027653319,
        0.19341227237088898,
        0.17931007892036255,
        0.17337888185058636,
        0.16739028265587497
      ]
    },
    "gaussian_bayes": {
      "breakthrough": {
        "6.0": {
          "count": 50.0,
          "coverage": 0.5555555555555556,
          "q10": 175.2,
          "q50": 368.0,
          "q90": 463.20000000000005
        },
        "10.0": {
          "count": 18.0,
          "coverage": 0.2,
          "q10": 256.0,
          "q50": 434.5,
          "q90": 479.7
        },
        "14.0": {
          "count": 7.0,
          "coverage": 0.07777777777777778,
          "q10": 280.0,
          "q50": 413.0,
          "q90": 508.4
        }
      },
      "quantile_mae": 91.38888888888889,
      "coverage_deficit": 0.18518518518518515,
      "score": 137.68518518518516,
      "velocity_autocorrelation_lags_0_10": [
        1.0,
        0.32375588624891743,
        0.3199322668442225,
        0.3133361546642419,
        0.30414403572333815,
        0.2895790463762815,
        0.2791958589761106,
        0.2704685324507552,
        0.2545525180851617,
        0.24425047358057964,
        0.2384165111796621
      ]
    }
  }
}