{
  "inputs": {
    "graph": "/Users/dbolster/Documents/Codex/Training Trajectories Neural Net/data/processed/bentheimer_core2_subvol1_6um_downsample3_D001_trajectories.npz",
    "openfoam": "/Users/dbolster/Documents/Codex/Training Trajectories Neural Net/data/processed/bentheimer_core2_subvol1_6um_downsample3_D001_openfoam_trajectories.npz"
  },
  "settings": {
    "planes": [
      6.0,
      10.0,
      14.0
    ],
    "time_indices": [
      100,
      200,
      300,
      400
    ],
    "bin_size": 3.0,
    "pair_samples": 5000,
    "reaction_radius": 3.0,
    "max_lag": 80,
    "seed": 123
  },
  "trajectory_summary": {
    "graph": {
      "n_trajectories": 500,
      "mean_length": 801.0,
      "min_length": 801.0,
      "max_length": 801.0,
      "final_x_mean": 10.153059587190056,
      "final_x_median": 6.243518733173262,
      "final_x_q10": 0.3552112450594148,
      "final_x_q90": 25.444886023127797
    },
    "openfoam": {
      "n_trajectories": 500,
      "mean_length": 801.0,
      "min_length": 801.0,
      "max_length": 801.0,
      "final_x_mean": 10.48776114712271,
      "final_x_median": 5.663053976598777,
      "final_x_q10": 0.4349895624757188,
      "final_x_q90": 27.259072671168052
    }
  },
  "step_displacement_summary": {
    "graph": {
      "count": 400000,
      "mean": 0.05534100877611247,
      "q10": 0.023124776150041198,
      "q50": 0.051881390380610376,
      "q90": 0.09085339752708196,
      "q95": 0.10604129344543524,
      "q99": 0.14810750196998254,
      "max": 0.4451871954894072
    },
    "openfoam": {
      "count": 400000,
      "mean": 0.056050504175257684,
      "q10": 0.021861785563466296,
      "q50": 0.051882020853597034,
      "q90": 0.09316520660805584,
      "q95": 0.11106490604511261,
      "q99": 0.16637685954549283,
      "max": 0.5576933979496218
    }
  },
  "axial_increment_summary": {
    "graph": {
      "count": 400000,
      "mean": 0.012078786846636592,
      "q10": -0.03256996929977724,
      "q50": 0.00873938587361403,
      "q90": 0.058944619440444476,
      "positive_fraction": 0.6008725,
      "negative_fraction": 0.37293
    },
    "openfoam": {
      "count": 400000,
      "mean": 0.01249716379655241,
      "q10": -0.03253667229059918,
      "q50": 0.008322127714676802,
      "q90": 0.060035201496213476,
      "positive_fraction": 0.6020375,
      "negative_fraction": 0.3700425
    }
  },
  "metrics": {
    "graph": {
      "breakthrough": {
        "6.0": {
          "count": 251.0,
          "coverage": 0.502,
          "q10": 120.0,
          "q50": 263.0,
          "q90": 633.0
        },
        "10.0": {
          "count": 216.0,
          "coverage": 0.432,
          "q10": 198.5,
          "q50": 397.0,
          "q90": 724.5
        },
        "14.0": {
          "count": 165.0,
          "coverage": 0.33,
          "q10": 268.6,
          "q50": 451.0,
          "q90": 696.4
        }
      },
      "dilution": {
        "100": {
          "n_particles": 500.0,
          "occupied_bins": 243.0,
          "entropy": 5.291955915088324,
          "dilution_index": 5365.757194568112
        },
        "200": {
          "n_particles": 500.0,
          "occupied_bins": 279.0,
          "entropy": 5.444019124961075,
          "dilution_index": 6246.996023609815
        },
        "300": {
          "n_particles": 500.0,
          "occupied_bins": 312.0,
          "entropy": 5.579433648009182,
          "dilution_index": 7152.881160366585
        },
        "400": {
          "n_particles": 500.0,
          "occupied_bins": 329.0,
          "entropy": 5.627189244360967,
          "dilution_index": 7502.759088686964
        }
      },
      "pair_separation": {
        "100": {
          "count": 5000.0,
          "mean": 34.30222629311633,
          "q10": 12.815475732659676,
          "q50": 32.75665434162928,
          "q90": 58.06595162463111
        },
        "200": {
          "count": 5000.0,
          "mean": 34.63226349941508,
          "q10": 13.456958502387735,
          "q50": 33.0878784435248,
          "q90": 58.420803926506686
        },
        "300": {
          "count": 5000.0,
          "mean": 35.184050590569896,
          "q10": 14.135770120142983,
          "q50": 33.566499173426166,
          "q90": 59.01090912457925
        },
        "400": {
          "count": 5000.0,
          "mean": 35.757433828183785,
          "q10": 14.631209822965605,
          "q50": 34.397950743673526,
          "q90": 59.362680924720564
        }
      },
      "reaction": {
        "reaction_radius": 3.0,
        "pair_count": 5000.0,
        "encounter_count": 85.0,
        "probability": 0.017
      }
    },
    "openfoam": {
      "breakthrough": {
        "6.0": {
          "count": 247.0,
          "coverage": 0.494,
          "q10": 83.2,
          "q50": 274.0,
          "q90": 666.2
        },
        "10.0": {
          "count": 204.0,
          "coverage": 0.408,
          "q10": 151.9,
          "q50": 358.0,
          "q90": 682.7
        },
        "14.0": {
          "count": 162.0,
          "coverage": 0.324,
          "q10": 204.3,
          "q50": 424.0,
          "q90": 721.9
        }
      },
      "dilution": {
        "100": {
          "n_particles": 500.0,
          "occupied_bins": 252.0,
          "entropy": 5.332682082102711,
          "dilution_index": 5588.794825078035
        },
        "200": {
          "n_particles": 500.0,
          "occupied_bins": 288.0,
          "entropy": 5.491255766046567,
          "dilution_index": 6549.1636408127115
        },
        "300": {
          "n_particles": 500.0,
          "occupied_bins": 313.0,
          "entropy": 5.5940341958410364,
          "dilution_index": 7258.08327929489
        },
        "400": {
          "n_particles": 500.0,
          "occupied_bins": 344.0,
          "entropy": 5.68628585074678,
          "dilution_index": 7959.509980868394
        }
      },
      "pair_separation": {
        "100": {
          "count": 5000.0,
          "mean": 34.293566845875716,
          "q10": 12.855886916293619,
          "q50": 32.71207825831935,
          "q90": 58.0565487379417
        },
        "200": {
          "count": 5000.0,
          "mean": 34.862987220724605,
          "q10": 13.683218431169218,
          "q50": 33.34619199531515,
          "q90": 58.474917060050196
        },
        "300": {
          "count": 5000.0,
          "mean": 35.47019096110966,
          "q10": 14.304132720992753,
          "q50": 33.892378660221794,
          "q90": 59.034158412808615
        },
        "400": {
          "count": 5000.0,
          "mean": 36.02802640300716,
          "q10": 15.087008397475325,
          "q50": 34.696227206433065,
          "q90": 59.3164658849406
        }
      },
      "reaction": {
        "reaction_radius": 3.0,
        "pair_count": 5000.0,
        "encounter_count": 84.0,
        "probability": 0.0168
      }
    }
  },
  "metric_difference": {
    "graph_as_reference": {
      "btc_score": 39.300000000000004,
      "btc_quantile_mae": 36.13333333333333,
      "btc_coverage_deficit": 0.012666666666666678,
      "dilution_log_mae": 0.04041499057938713,
      "pair_quantile_mae": 0.1625715183893847,
      "reaction_abs_error": 0.00020000000000000226
    },
    "openfoam_as_reference": {
      "btc_score": 36.13333333333333,
      "btc_quantile_mae": 36.13333333333333,
      "btc_coverage_deficit": 0.0,
      "dilution_log_mae": 0.04041499057938713,
      "pair_quantile_mae": 0.1625715183893847,
      "reaction_abs_error": 0.00020000000000000226
    }
  },