{
  "description": "Resolution ladder for Core2 OpenFOAM trajectory-memory tests using tight dt=0.1, n=20000 particle archives.",
  "trajectory_protocol": {
    "particles": 20000,
    "dt": 0.1,
    "steps": 4000,
    "segment_steps": 160,
    "segment_stride": 1600
  },
  "autocorrelation_lags": [
    10,
    20,
    40,
    80
  ],
  "cases": {
    "downsample3": {
      "label": "18 um voxel OpenFOAM",
      "case_dir": "openfoam_cases/bentheimer_core2_subvol1_6um_downsample3_voxel_flow",
      "flow_summary": "openfoam_cases/bentheimer_core2_subvol1_6um_downsample3_voxel_flow/flow_summary.json",
      "trajectory": "data/processed/bentheimer_core2_subvol1_6um_downsample3_D001_openfoam_dt010_n20000_trajectories.npz",
      "n_cells": 98270,
      "solve_time_step": "103",
      "apparent_permeability": 4.276829542051207e-12,
      "darcy_velocity_bulk_area": 3.1680218830008943e-09,
      "autocorrelation": {
        "10": 0.10778252516718771,
        "20": 0.10323650056656958,
        "40": 0.09659971818230212,
        "80": 0.086306378652599
      },
      "balanced": {
        "best_sampler": "knn_conditional",
        "best_mean_objective": 1570.01219522736,
        "best_mean_rank": 3.75,
        "best_wins": 1,
        "samplers": {
          "bootstrap_mean_mixture": {
            "mean_objective": 1594.0886068504672,
            "std_objective": 175.76421136079458,
            "min_objective": 1338.8379787915876,
            "max_objective": 1737.837621503358,
            "mean_rank": 3.75,
            "wins": 1,
            "beats_gaussian_bayes": 2,
            "beats_hybrid": 2
          },
          "pooled_validation_mixture": {
            "mean_objective": 1634.5350178931099,
            "std_objective": 83.499376203745,
            "min_objective": 1527.2673471619441,
            "max_objective": 1703.1068127500012,
            "mean_rank": 3.75,
            "wins": 0,
            "beats_gaussian_bayes": 2,
            "beats_hybrid": 2
          },
          "gaussian_bayes": {
            "mean_objective": 1580.430104088574,
            "std_objective": 106.41440923892692,
            "min_objective": 1491.4619906485377,
            "max_objective": 1733.6754880474164,
            "mean_rank": 3.75,
            "wins": 1,
            "beats_gaussian_bayes": 0,
            "beats_hybrid": 1
          },
          "knn_conditional": {
            "mean_objective": 1570.01219522736,
            "std_objective": 29.49069840100766,
            "min_objective": 1543.9764526698345,
            "max_objective": 1611.298472587433,
            "mean_rank": 3.75,
            "wins": 1,
            "beats_gaussian_bayes": 1,
            "beats_hybrid": 1
          },
          "hybrid": {
            "mean_objective": 1571.8547442385693,
            "std_objective": 102.92829439362299,
            "min_objective": 1494.1989826181443,
            "max_objective": 1723.4964197299448,
            "mean_rank": 2.75,
            "wins": 1,
            "beats_gaussian_bayes": 3,
            "beats_hybrid": 0
          },
          "pair_rerank": {
            "mean_objective": 1578.4994722175663,
            "std_objective": 98.33153624945164,
            "min_objective": 1506.971927021408,
            "max_objective": 1723.459260245887,
            "mean_rank": 3.25,
            "wins": 0,
            "beats_gaussian_bayes": 3,
            "beats_hybrid": 1
          }
        },
        "mean_selected_weights": {
          "gaussian_bayes": 0.08333333333333334,
          "knn_conditional": 0.39583333333333337,
          "hybrid": 0.25,
          "pair_rerank": 0.27083333333333337
        }
      },
      "objective_winners": {
        "balanced": {
          "best_sampler": "hybrid",
          "mean_objective": 1582.1858396824184,
          "mean_rank": 2.5,
          "wins": 2
        },
        "breakthrough_only": {
          "best_sampler": "hybrid",
          "mean_objective": 1389.5034722222222,
          "mean_rank": 2.25,
          "wins": 2
        },
        "btc_heavy": {
          "best_sampler": "hybrid",
          "mean_objective": 4264.851600396765,
          "mean_rank": 2.25,
          "wins": 2
        },
        "pair_heavy": {
          "best_sampler": "hybrid",
          "mean_objective": 859.146584599912,
          "mean_rank": 2.0,
          "wins": 3
        },
        "dilution_heavy": {
          "best_sampler": "gaussian_bayes",
          "mean_objective": 1223.845598755829,
          "mean_rank": 2.75,
          "wins": 0
        },
        "reaction_light": {
          "best_sampler": "hybrid",
          "mean_objective": 1579.3958396824187,
          "mean_rank": 2.5,
          "wins": 2
        },
        "reaction_heavy": {
          "best_sampler": "hybrid",
          "mean_objective": 798.8429198412092,
          "mean_rank": 2.5,
          "wins": 1
        },
        "no_reaction": {
          "best_sampler": "hybrid",
          "mean_objective": 1579.0858396824187,
          "mean_rank": 2.5,
          "wins": 2
        }
      }
    },
    "downsample2": {
      "label": "12 um voxel OpenFOAM",
      "case_dir": "openfoam_cases/bentheimer_core2_subvol1_6um_downsample2_voxel_flow",
      "flow_summary": "openfoam_cases/bentheimer_core2_subvol1_6um_downsample2_voxel_flow/flow_summary.json",
      "trajectory": "data/processed/bentheimer_core2_subvol1_6um_downsample2_D00225_openfoam_phys_scaled_dt010_n20000_trajectories.npz",
      "n_cells": 322524,
      "solve_time_step": "105",
      "apparent_permeability": 3.690355965303494e-12,
      "darcy_velocity_bulk_area": 2.7458005694222425e-09,
      "autocorrelation": {
        "10": 0.12413346188890761,
        "20": 0.11975836540735715,
        "40": 0.11288342518428152,
        "80": 0.10072302172555277
      },
      "balanced": {
        "best_sampler": "gaussian_bayes",
        "best_mean_objective": 1647.69397643097,
        "best_mean_rank": 2.0,
        "best_wins": 2,
        "samplers": {
          "bootstrap_mean_mixture": {
            "mean_objective": 1673.8466844624807,
            "std_objective": 78.96683239429443,
            "min_objective": 1574.2517372999794,
            "max_objective": 1765.5710545185746,
            "mean_rank": 3.75,
            "wins": 1,
            "beats_gaussian_bayes": 1,
            "beats_hybrid": 1
          },
          "pooled_validation_mixture": {
            "mean_objective": 1698.8513838254041,
            "std_objective": 74.07823193250182,
            "min_objective": 1587.898675606594,
            "max_objective": 1740.6954994435,
            "mean_rank": 4.25,
            "wins": 0,
            "beats_gaussian_bayes": 1,
            "beats_hybrid": 1
          },
          "gaussian_bayes": {
            "mean_objective": 1647.69397643097,
            "std_objective": 20.584866234684917,
            "min_objective": 1633.4675053276476,
            "max_objective": 1678.1188825277031,
            "mean_rank": 2.0,
            "wins": 2,
            "beats_gaussian_bayes": 0,
            "beats_hybrid": 4
          },
          "knn_conditional": {
            "mean_objective": 1674.794345477073,
            "std_objective": 45.52204018858862,
            "min_objective": 1646.4509312174603,
            "max_objective": 1742.7025593510039,
            "mean_rank": 3.5,
            "wins": 0,
            "beats_gaussian_bayes": 0,
            "beats_hybrid": 3
          },
          "hybrid": {
            "mean_objective": 1676.4278158260586,
            "std_objective": 28.556021362120067,
            "min_objective": 1650.0834146471525,
            "max_objective": 1711.8355045651515,
            "mean_rank": 3.75,
            "wins": 0,
            "beats_gaussian_bayes": 0,
            "beats_hybrid": 0
          },
          "pair_rerank": {
            "mean_objective": 1693.0050572501364,
            "std_objective": 85.73028578151226,
            "min_objective": 1627.1309881804946,