{
  "description": "Resolution ladder for Core2 OpenFOAM trajectory-memory tests using tight dt=0.1, n=5000 particle archives.",
  "trajectory_protocol": {
    "particles": 5000,
    "dt": 0.1,
    "steps": 4000,
    "segment_steps": 160,
    "segment_stride": 400
  },
  "autocorrelation_lags": [
    10,
    20,
    40,
    80
  ],
  "cases": {
    "downsample3": {
      "label": "18 um voxel OpenFOAM",
      "case_dir": "openfoam_cases/bentheimer_core2_subvol1_6um_downsample3_voxel_flow",
      "flow_summary": "openfoam_cases/bentheimer_core2_subvol1_6um_downsample3_voxel_flow/flow_summary.json",
      "trajectory": "data/processed/bentheimer_core2_subvol1_6um_downsample3_D001_openfoam_dt010_n5000_trajectories.npz",
      "n_cells": 98270,
      "solve_time_step": "103",
      "apparent_permeability": 4.276829542051207e-12,
      "darcy_velocity_bulk_area": 3.1680218830008943e-09,
      "autocorrelation": {
        "10": 0.109914307847548,
        "20": 0.10499124609922436,
        "40": 0.09816053624172526,
        "80": 0.08782606518212739
      },
      "balanced": {
        "best_sampler": "knn_conditional",
        "best_mean_objective": 1567.4216253466207,
        "best_mean_rank": 2.75,
        "best_wins": 1,
        "samplers": {
          "bootstrap_mean_mixture": {
            "mean_objective": 1619.4713288408907,
            "std_objective": 87.59774173809872,
            "min_objective": 1567.993331842627,
            "max_objective": 1750.4067791098548,
            "mean_rank": 3.0,
            "wins": 1,
            "beats_gaussian_bayes": 3,
            "beats_hybrid": 3
          },
          "pooled_validation_mixture": {
            "mean_objective": 1595.513966393737,
            "std_objective": 164.09348286987245,
            "min_objective": 1389.389882768934,
            "max_objective": 1788.2547487359698,
            "mean_rank": 3.0,
            "wins": 1,
            "beats_gaussian_bayes": 2,
            "beats_hybrid": 3
          },
          "gaussian_bayes": {
            "mean_objective": 1614.3890599695517,
            "std_objective": 112.04164189501367,
            "min_objective": 1446.6116718791407,
            "max_objective": 1676.0323001605661,
            "mean_rank": 4.0,
            "wins": 1,
            "beats_gaussian_bayes": 0,
            "beats_hybrid": 1
          },
          "knn_conditional": {
            "mean_objective": 1567.4216253466207,
            "std_objective": 101.69917919124397,
            "min_objective": 1425.138216193912,
            "max_objective": 1647.4770797493502,
            "mean_rank": 2.75,
            "wins": 1,
            "beats_gaussian_bayes": 3,
            "beats_hybrid": 3
          },
          "hybrid": {
            "mean_objective": 1657.5456949655986,
            "std_objective": 16.50551384487185,
            "min_objective": 1634.264009748988,
            "max_objective": 1672.1500869181066,
            "mean_rank": 4.0,
            "wins": 0,
            "beats_gaussian_bayes": 3,
            "beats_hybrid": 0
          },
          "pair_rerank": {
            "mean_objective": 1650.901644433608,
            "std_objective": 57.192756266055646,
            "min_objective": 1595.8451871131647,
            "max_objective": 1703.7760673006933,
            "mean_rank": 4.25,
            "wins": 0,
            "beats_gaussian_bayes": 1,
            "beats_hybrid": 2
          }
        },
        "mean_selected_weights": {
          "gaussian_bayes": 0.16666666666666666,
          "knn_conditional": 0.41666666666666663,
          "hybrid": 0.08333333333333333,
          "pair_rerank": 0.33333333333333337
        }
      },
      "objective_winners": {
        "balanced": {
          "best_sampler": "knn_conditional",
          "mean_objective": 1567.4216253466207,
          "mean_rank": 2.75,
          "wins": 1
        },
        "breakthrough_only": {
          "best_sampler": "knn_conditional",
          "mean_objective": 1341.5513888888888,
          "mean_rank": 2.75,
          "wins": 1
        },
        "btc_heavy": {
          "best_sampler": "knn_conditional",
          "mean_objective": 4137.589284895533,
          "mean_rank": 2.5,
          "wins": 1
        },
        "pair_heavy": {
          "best_sampler": "knn_conditional",
          "mean_objective": 856.9402610335318,
          "mean_rank": 2.75,
          "wins": 1
        },
        "dilution_heavy": {
          "best_sampler": "knn_conditional",
          "mean_objective": 1306.2423942277119,
          "mean_rank": 2.75,
          "wins": 1
        },
        "reaction_light": {
          "best_sampler": "knn_conditional",
          "mean_objective": 1566.0716253466207,
          "mean_rank": 2.75,
          "wins": 1
        },
        "reaction_heavy": {
          "best_sampler": "knn_conditional",
          "mean_objective": 787.4608126733103,
          "mean_rank": 2.75,
          "wins": 1
        },
        "no_reaction": {
          "best_sampler": "knn_conditional",
          "mean_objective": 1565.9216253466207,
          "mean_rank": 2.75,
          "wins": 1
        }
      }
    },
    "downsample2": {
      "label": "12 um voxel OpenFOAM",
      "case_dir": "openfoam_cases/bentheimer_core2_subvol1_6um_downsample2_voxel_flow",
      "flow_summary": "openfoam_cases/bentheimer_core2_subvol1_6um_downsample2_voxel_flow/flow_summary.json",
      "trajectory": "data/processed/bentheimer_core2_subvol1_6um_downsample2_D00225_openfoam_phys_scaled_dt010_n5000_trajectories.npz",
      "n_cells": 322524,
      "solve_time_step": "105",
      "apparent_permeability": 3.690355965303494e-12,
      "darcy_velocity_bulk_area": 2.7458005694222425e-09,
      "autocorrelation": {
        "10": 0.12586698746192393,
        "20": 0.12115931758147577,
        "40": 0.11434752912774186,
        "80": 0.10188649704424148
      },
      "balanced": {
        "best_sampler": "pooled_validation_mixture",
        "best_mean_objective": 1593.6922452583835,
        "best_mean_rank": 1.5,
        "best_wins": 3,
        "samplers": {
          "bootstrap_mean_mixture": {
            "mean_objective": 1642.061348937083,
            "std_objective": 100.32716329882831,
            "min_objective": 1498.4849183536844,
            "max_objective": 1731.0790286409053,
            "mean_rank": 3.25,
            "wins": 0,
            "beats_gaussian_bayes": 3,
            "beats_hybrid": 2
          },
          "pooled_validation_mixture": {
            "mean_objective": 1593.6922452583835,
            "std_objective": 69.65767118101404,
            "min_objective": 1495.7756825916633,
            "max_objective": 1660.1224892128694,
            "mean_rank": 1.5,
            "wins": 3,
            "beats_gaussian_bayes": 4,
            "beats_hybrid": 4
          },
          "gaussian_bayes": {
            "mean_objective": 1712.893085288261,
            "std_objective": 34.779115961876904,
            "min_objective": 1678.614874446682,
            "max_objective": 1759.8638298257906,
            "mean_rank": 4.25,
            "wins": 0,
            "beats_gaussian_bayes": 0,
            "beats_hybrid": 2
          },
          "knn_conditional": {
            "mean_objective": 1713.199263016596,
            "std_objective": 46.18752764201723,
            "min_objective": 1667.3711028009598,
            "max_objective": 1773.6744563933999,
            "mean_rank": 5.0,
            "wins": 0,
            "beats_gaussian_bayes": 1,
            "beats_hybrid": 1
          },
          "hybrid": {
            "mean_objective": 1692.2321521213566,
            "std_objective": 35.397459824199046,
            "min_objective": 1652.5726895827625,
            "max_objective": 1738.6275080429782,
            "mean_rank": 3.75,
            "wins": 0,
            "beats_gaussian_bayes": 2,
            "beats_hybrid": 0
          },
          "pair_rerank": {
            "mean_objective": 1650.5674822451829,