{
  "archive": {
    "size": 3990,
    "segment_steps": 30,
    "match_steps": 5,
    "dt": 1.0
  },
  "reference": {
    "n_trajectories": 90,
    "breakthrough": {
      "10.0": {
        "count": 40.0,
        "q10": 147.9,
        "q50": 252.0,
        "q90": 401.2
      },
      "20.0": {
        "count": 9.0,
        "q10": 275.4,
        "q50": 354.0,
        "q90": 468.8
      },
      "30.0": {
        "count": 1.0,
        "q10": 419.0,
        "q50": 419.0,
        "q90": 419.0
      }
    },
    "velocity_autocorrelation_lags_0_10": [
      1.0,
      0.36751372211538164,
      0.35592940026198333,
      0.34994430913863006,
      0.35110883176567,
      0.33902667190785274,
      0.33065195636719297,
      0.3302282537430454,
      0.3249687675696255,
      0.31998961617909677,
      0.3115225254328419
    ]
  },
  "generated": {
    "unconditional": {
      "breakthrough": {
        "10.0": {
          "count": 5.0,
          "q10": 268.2,
          "q50": 383.0,
          "q90": 404.6
        },
        "20.0": {
          "count": 0.0,
          "q10": NaN,
          "q50": NaN,
          "q90": NaN
        },
        "30.0": {
          "count": 0.0,
          "q10": NaN,
          "q50": NaN,
          "q90": NaN
        }
      },
      "breakthrough_quantile_mae": 84.9,
      "velocity_autocorrelation_lags_0_10": [
        1.0,
        0.3173329905856347,
        0.30623060011508507,
        0.28402365663811485,
        0.2568352439650105,
        0.24616727833388047,
        0.23252550413018758,
        0.21805542473768963,
        0.20277114601857396,
        0.19259310339824331,
        0.17677731392056167
      ]
    },
    "knn_conditional": {
      "breakthrough": {
        "10.0": {
          "count": 7.0,
          "q10": 202.6,
          "q50": 300.0,
          "q90": 343.0
        },
        "20.0": {
          "count": 0.0,
          "q10": NaN,
          "q50": NaN,
          "q90": NaN
        },
        "30.0": {
          "count": 0.0,
          "q10": NaN,
          "q50": NaN,
          "q90": NaN
        }
      },
      "breakthrough_quantile_mae": 53.633333333333326,
      "velocity_autocorrelation_lags_0_10": [
        1.0,
        0.24371266138097838,
        0.23835074645849696,
        0.23065883788351887,
        0.23032722404538664,
        0.22347162785282043,
        0.21357576765432326,
        0.21031343825111062,
        0.1981519285857553,
        0.20064275092563263,
        0.19217788014717374
      ]
    },
    "gaussian_bayes": {
      "breakthrough": {
        "10.0": {
          "count": 7.0,
          "q10": 173.0,
          "q50": 283.0,
          "q90": 319.20000000000005
        },
        "20.0": {
          "count": 0.0,
          "q10": NaN,
          "q50": NaN,
          "q90": NaN
        },
        "30.0": {
          "count": 0.0,
          "q10": NaN,
          "q50": NaN,
          "q90": NaN
        }
      },
      "breakthrough_quantile_mae": 46.03333333333331,
      "velocity_autocorrelation_lags_0_10": [
        1.0,
        0.2649111046285405,
        0.2589350195401175,
        0.2533254180256395,
        0.2435916390480592,
        0.24083966193724154,
        0.22438078453105162,
        0.21630014791971766,
        0.21995118138085012,
        0.21908664380363704,
        0.20978645445415933
      ]
    }
  }
}