{
  "archive_size": 10150,
  "segment_steps": 36,
  "match_steps": 6,
  "breakthrough_reference": {
    "4.0": {
      "count": 180.0,
      "q10": 146.9,
      "q50": 216.5,
      "q90": 368.69999999999993
    },
    "8.0": {
      "count": 180.0,
      "q10": 285.8,
      "q50": 402.0,
      "q90": 571.4
    },
    "12.0": {
      "count": 177.0,
      "q10": 430.8,
      "q50": 591.0,
      "q90": 752.2
    }
  },
  "breakthrough_generated": {
    "4.0": {
      "count": 180.0,
      "q10": 129.0,
      "q50": 181.0,
      "q90": 317.3999999999999
    },
    "8.0": {
      "count": 177.0,
      "q10": 271.6,
      "q50": 368.0,
      "q90": 585.0
    },
    "12.0": {
      "count": 155.0,
      "q10": 421.4,
      "q50": 530.0,
      "q90": 701.6
    }
  },
  "velocity_autocorrelation_lags_0_10": {
    "reference": [
      1.0,
      0.5505272389451549,
      0.5442596515625782,
      0.5432375729746712,
      0.5401247651960119,
      0.5373938115402085,
      0.5343583931314733,
      0.5295535149032055,
      0.5263063180451882,
      0.5211600168044324,
      0.5185446975746186
    ],
    "generated": [
      1.0,
      0.5422385059959461,
      0.5408382926701039,
      0.5355155527953657,
      0.5321457742838467,
      0.525543259364144,
      0.5238691631016582,
      0.519120556506982,
      0.5126723528114244,
      0.5087303003326072,
      0.5000406456988512
    ]
  }
}